competencia,codigo_uf,sigla_uf,estado,regiao,internacoes,permanencia_media,obitos,taxa_mortalidade,leitos_sus,populacao,internacoes_por_100k_hab,leitos_sus_por_10k_hab,internacoes_por_leito,variacao_mensal_internacoes_pct,tercil_pressao_assistencial
2025-11,11,RO,Rondônia,Norte,12159,4.9,365,3.0,4265,1757338,691.9,24.27,2.851,,alto
2025-11,12,AC,Acre,Norte,4604,5.0,137,2.98,1458,887794,518.59,16.42,3.158,,medio
2025-11,13,AM,Amazonas,Norte,21821,4.4,634,2.91,5490,4360926,500.38,12.59,3.975,,baixo
2025-11,14,RR,Roraima,Norte,2740,6.5,77,2.81,1332,761012,360.05,17.5,2.057,,baixo
2025-11,15,PA,Pará,Norte,48679,4.2,1296,2.66,11466,8756324,555.93,13.09,4.246,,medio
2025-11,16,AP,Amapá,Norte,4195,5.1,127,3.03,1387,809953,517.93,17.12,3.025,,baixo
2025-11,17,TO,Tocantins,Norte,8338,5.0,241,2.89,2742,1595994,522.43,17.18,3.041,,medio
2025-11,21,MA,Maranhão,Nordeste,41621,4.9,1182,2.84,13194,7024557,592.51,18.78,3.155,,alto
2025-11,22,PI,Piauí,Nordeste,18019,4.9,612,3.4,6134,3392617,531.12,18.08,2.938,,medio
2025-11,23,CE,Ceará,Nordeste,49378,5.8,1805,3.66,16178,9302211,530.82,17.39,3.052,,medio
2025-11,24,RN,Rio Grande do Norte,Nordeste,18060,4.6,652,3.61,6209,3463737,521.4,17.93,2.909,,medio
2025-11,25,PB,Paraíba,Nordeste,20384,5.5,1120,5.49,7496,4182828,487.33,17.92,2.719,,baixo
2025-11,26,PE,Pernambuco,Nordeste,55041,5.0,2192,3.98,16092,9583176,574.35,16.79,3.42,,alto
2025-11,27,AL,Alagoas,Nordeste,14415,5.9,719,4.99,5385,3221128,447.51,16.72,2.677,,baixo
2025-11,28,SE,Sergipe,Nordeste,10306,5.5,533,5.17,2729,2307255,446.68,11.83,3.776,,baixo
2025-11,29,BA,Bahia,Nordeste,79921,4.7,2985,3.73,24844,14889472,536.76,16.69,3.217,,medio
2025-11,31,MG,Minas Gerais,Sudeste,129094,4.6,5410,4.19,29380,21460311,601.55,13.69,4.394,,alto
2025-11,32,ES,Espírito Santo,Sudeste,25978,4.7,985,3.79,5952,4150692,625.87,14.34,4.365,,alto
2025-11,33,RJ,Rio de Janeiro,Sudeste,76618,5.7,4606,6.01,20976,17225410,444.8,12.18,3.653,,baixo
2025-11,35,SP,São Paulo,Sudeste,235133,5.1,11617,4.94,54619,46179008,509.18,11.83,4.305,,baixo
2025-11,41,PR,Paraná,Sul,90412,4.1,3372,3.73,19333,11952456,756.43,16.17,4.677,,alto
2025-11,42,SC,Santa Catarina,Sul,58436,4.0,2157,3.69,11787,8312759,702.97,14.18,4.958,,alto
2025-11,43,RS,Rio Grande do Sul,Sul,73453,5.6,3466,4.72,20285,11233317,653.89,18.06,3.621,,alto
2025-11,50,MS,Mato Grosso do Sul,Centro-Oeste,16509,4.6,705,4.27,4034,2946317,560.33,13.69,4.092,,medio
2025-11,51,MT,Mato Grosso,Centro-Oeste,21127,4.4,683,3.23,6032,3950330,534.82,15.27,3.502,,medio
2025-11,52,GO,Goiás,Centro-Oeste,37361,4.5,1259,3.37,12054,7495033,498.48,16.08,3.099,,baixo
2025-11,53,DF,Distrito Federal,Centro-Oeste,19737,5.8,548,2.78,4880,3009996,655.72,16.21,4.044,,alto
2025-12,11,RO,Rondônia,Norte,11455,5.0,347,3.03,4301,1757338,651.84,24.47,2.663,-5.79,alto
2025-12,12,AC,Acre,Norte,4527,4.6,104,2.3,1458,887794,509.92,16.42,3.105,-1.67,medio
2025-12,13,AM,Amazonas,Norte,21542,4.3,601,2.79,5497,4360926,493.98,12.61,3.919,-1.28,baixo
2025-12,14,RR,Roraima,Norte,2128,7.7,69,3.24,1332,761012,279.63,17.5,1.598,-22.34,baixo
2025-12,15,PA,Pará,Norte,48817,4.2,1273,2.61,11491,8756324,557.51,13.12,4.248,0.28,medio
2025-12,16,AP,Amapá,Norte,4900,4.5,101,2.06,1387,809953,604.97,17.12,3.533,16.81,alto
2025-12,17,TO,Tocantins,Norte,7768,4.9,314,4.04,2730,1595994,486.72,17.11,2.845,-6.84,baixo
2025-12,21,MA,Maranhão,Nordeste,39755,5.0,1251,3.15,13354,7024557,565.94,19.01,2.977,-4.48,medio
2025-12,22,PI,Piauí,Nordeste,18898,5.2,752,3.98,6162,3392617,557.03,18.16,3.067,4.88,medio
2025-12,23,CE,Ceará,Nordeste,48118,5.7,1924,4.0,16141,9302211,517.27,17.35,2.981,-2.55,medio
2025-12,24,RN,Rio Grande do Norte,Nordeste,17607,4.8,639,3.63,6223,3463737,508.32,17.97,2.829,-2.51,medio
2025-12,25,PB,Paraíba,Nordeste,19040,5.7,988,5.19,7540,4182828,455.19,18.03,2.525,-6.59,baixo
2025-12,26,PE,Pernambuco,Nordeste,55619,5.1,2377,4.27,16084,9583176,580.38,16.78,3.458,1.05,alto
2025-12,27,AL,Alagoas,Nordeste,13881,6.0,612,4.41,5519,3221128,430.94,17.13,2.515,-3.7,baixo
2025-12,28,SE,Sergipe,Nordeste,10340,5.4,441,4.26,2735,2307255,448.15,11.85,3.781,0.33,baixo
2025-12,29,BA,Bahia,Nordeste,76873,4.7,2869,3.73,24832,14889472,516.29,16.68,3.096,-3.81,medio
2025-12,31,MG,Minas Gerais,Sudeste,127389,4.7,5499,4.32,29348,21460311,593.6,13.68,4.341,-1.32,alto
2025-12,32,ES,Espírito Santo,Sudeste,25554,4.8,1038,4.06,6039,4150692,615.66,14.55,4.231,-1.63,alto
2025-12,33,RJ,Rio de Janeiro,Sudeste,75582,5.8,4583,6.06,21051,17225410,438.78,12.22,3.59,-1.35,baixo
2025-12,35,SP,São Paulo,Sudeste,226234,5.2,11595,5.13,54645,46179008,489.91,11.83,4.14,-3.78,baixo
2025-12,41,PR,Paraná,Sul,88167,4.2,3404,3.86,19403,11952456,737.65,16.23,4.544,-2.48,alto
2025-12,42,SC,Santa Catarina,Sul,55009,4.2,2127,3.87,11822,8312759,661.74,14.22,4.653,-5.86,alto
2025-12,43,RS,Rio Grande do Sul,Sul,70503,5.6,3442,4.88,20350,11233317,627.62,18.12,3.465,-4.02,alto
2025-12,50,MS,Mato Grosso do Sul,Centro-Oeste,16041,4.8,619,3.86,4033,2946317,544.44,13.69,3.977,-2.83,medio
2025-12,51,MT,Mato Grosso,Centro-Oeste,20484,4.4,593,2.89,6089,3950330,518.54,15.41,3.364,-3.04,medio
2025-12,52,GO,Goiás,Centro-Oeste,36327,4.6,1274,3.51,12050,7495033,484.68,16.08,3.015,-2.77,baixo
2025-12,53,DF,Distrito Federal,Centro-Oeste,20313,5.8,576,2.84,4913,3009996,674.85,16.32,4.135,2.92,alto
2026-01,11,RO,Rondônia,Norte,11443,5.2,349,3.05,4301,1757338,651.16,24.47,2.661,-0.1,alto
2026-01,12,AC,Acre,Norte,4774,4.8,142,2.97,1462,887794,537.74,16.47,3.265,5.46,medio
2026-01,13,AM,Amazonas,Norte,21748,4.4,681,3.13,5466,4360926,498.7,12.53,3.979,0.96,baixo
2026-01,14,RR,Roraima,Norte,2597,7.4,71,2.73,1332,761012,341.26,17.5,1.95,22.04,baixo
2026-01,15,PA,Pará,Norte,47344,4.3,1430,3.02,11411,8756324,540.68,13.03,4.149,-3.02,medio
2026-01,16,AP,Amapá,Norte,4938,4.8,114,2.31,1389,809953,609.67,17.15,3.555,0.78,alto
2026-01,17,TO,Tocantins,Norte,8884,4.7,389,4.38,2777,1595994,556.64,17.4,3.199,14.37,medio
2026-01,21,MA,Maranhão,Nordeste,40638,5.0,1197,2.95,13347,7024557,578.51,19.0,3.045,2.22,medio
2026-01,22,PI,Piauí,Nordeste,19531,4.8,678,3.47,6124,3392617,575.69,18.05,3.189,3.35,medio
2026-01,23,CE,Ceará,Nordeste,48637,5.8,2064,4.24,15964,9302211,522.85,17.16,3.047,1.08,medio
2026-01,24,RN,Rio Grande do Norte,Nordeste,17739,5.1,726,4.09,6215,3463737,512.13,17.94,2.854,0.75,baixo
2026-01,25,PB,Paraíba,Nordeste,20646,5.6,1062,5.14,7554,4182828,493.59,18.06,2.733,8.43,baixo
2026-01,26,PE,Pernambuco,Nordeste,51853,5.2,2300,4.44,16169,9583176,541.08,16.87,3.207,-6.77,medio
2026-01,27,AL,Alagoas,Nordeste,14177,6.1,704,4.97,5528,3221128,440.13,17.16,2.565,2.13,baixo
2026-01,28,SE,Sergipe,Nordeste,10224,5.7,539,5.27,2732,2307255,443.12,11.84,3.742,-1.12,baixo
2026-01,29,BA,Bahia,Nordeste,77927,4.7,2989,3.84,24857,14889472,523.37,16.69,3.135,1.37,medio
2026-01,31,MG,Minas Gerais,Sudeste,131186,4.8,6185,4.71,29233,21460311,611.3,13.62,4.488,2.98,alto
2026-01,32,ES,Espírito Santo,Sudeste,24807,5.0,1012,4.08,6061,4150692,597.66,14.6,4.093,-2.92,alto
2026-01,33,RJ,Rio de Janeiro,Sudeste,72939,5.8,4465,6.12,21035,17225410,423.44,12.21,3.468,-3.5,baixo
2026-01,35,SP,São Paulo,Sudeste,233322,5.2,12049,5.16,54770,46179008,505.26,11.86,4.26,3.13,baixo
2026-01,41,PR,Paraná,Sul,92271,4.1,3620,3.92,19404,11952456,771.98,16.23,4.755,4.65,alto
2026-01,42,SC,Santa Catarina,Sul,56756,4.1,2216,3.9,11761,8312759,682.76,14.15,4.826,3.18,alto
2026-01,43,RS,Rio Grande do Sul,Sul,69652,5.7,3508,5.04,20346,11233317,620.05,18.11,3.423,-1.21,alto
2026-01,50,MS,Mato Grosso do Sul,Centro-Oeste,17443,4.7,751,4.31,4040,2946317,592.03,13.71,4.318,8.74,alto
2026-01,51,MT,Mato Grosso,Centro-Oeste,21238,4.4,647,3.05,6108,3950330,537.63,15.46,3.477,3.68,medio
2026-01,52,GO,Goiás,Centro-Oeste,36102,4.7,1267,3.51,11996,7495033,481.68,16.01,3.01,-0.62,baixo
2026-01,53,DF,Distrito Federal,Centro-Oeste,19492,5.9,598,3.07,4957,3009996,647.58,16.47,3.932,-4.04,alto
2026-02,11,RO,Rondônia,Norte,11312,4.9,322,2.85,4304,1757338,643.7,24.49,2.628,-1.14,alto
2026-02,12,AC,Acre,Norte,4479,4.7,145,3.24,1470,887794,504.51,16.56,3.047,-6.18,medio
2026-02,13,AM,Amazonas,Norte,20400,4.5,618,3.03,5470,4360926,467.79,12.54,3.729,-6.2,baixo
2026-02,14,RR,Roraima,Norte,2961,7.0,74,2.5,1332,761012,389.09,17.5,2.223,14.02,baixo
2026-02,15,PA,Pará,Norte,45674,4.3,1325,2.9,11517,8756324,521.61,13.15,3.966,-3.53,medio
2026-02,16,AP,Amapá,Norte,4640,4.4,116,2.5,1391,809953,572.87,17.17,3.336,-6.03,alto
2026-02,17,TO,Tocantins,Norte,9024,4.9,287,3.18,2777,1595994,565.42,17.4,3.25,1.58,medio
2026-02,21,MA,Maranhão,Nordeste,38144,5.0,1180,3.09,13339,7024557,543.01,18.99,2.86,-6.14,medio
2026-02,22,PI,Piauí,Nordeste,17915,5.0,638,3.56,6129,3392617,528.06,18.07,2.923,-8.27,medio
2026-02,23,CE,Ceará,Nordeste,46201,5.7,1846,4.0,15944,9302211,496.67,17.14,2.898,-5.01,medio
2026-02,24,RN,Rio Grande do Norte,Nordeste,16589,5.0,607,3.66,6226,3463737,478.93,17.97,2.664,-6.48,baixo
2026-02,25,PB,Paraíba,Nordeste,19393,5.2,991,5.11,7558,4182828,463.63,18.07,2.566,-6.07,baixo
2026-02,26,PE,Pernambuco,Nordeste,51040,5.1,2063,4.04,16096,9583176,532.6,16.8,3.171,-1.57,medio
2026-02,27,AL,Alagoas,Nordeste,13588,5.6,593,4.36,5558,3221128,421.84,17.25,2.445,-4.15,baixo
2026-02,28,SE,Sergipe,Nordeste,10654,5.4,491,4.61,2731,2307255,461.76,11.84,3.901,4.21,baixo
2026-02,29,BA,Bahia,Nordeste,78346,4.8,3117,3.98,24712,14889472,526.18,16.6,3.17,0.54,medio
2026-02,31,MG,Minas Gerais,Sudeste,127795,4.7,5487,4.29,29339,21460311,595.49,13.67,4.356,-2.58,alto
2026-02,32,ES,Espírito Santo,Sudeste,25223,4.8,948,3.76,5970,4150692,607.68,14.38,4.225,1.68,alto
2026-02,33,RJ,Rio de Janeiro,Sudeste,72018,6.0,4581,6.36,21025,17225410,418.09,12.21,3.425,-1.26,baixo
2026-02,35,SP,São Paulo,Sudeste,226428,5.1,10779,4.76,54700,46179008,490.33,11.85,4.139,-2.95,baixo
2026-02,41,PR,Paraná,Sul,88527,4.0,3172,3.58,19414,11952456,740.66,16.24,4.56,-4.06,alto
2026-02,42,SC,Santa Catarina,Sul,53796,4.0,2003,3.72,11787,8312759,647.15,14.18,4.564,-5.22,alto
2026-02,43,RS,Rio Grande do Sul,Sul,67798,5.7,3255,4.8,20345,11233317,603.54,18.11,3.332,-2.66,alto
2026-02,50,MS,Mato Grosso do Sul,Centro-Oeste,16691,4.9,708,4.24,4042,2946317,566.5,13.72,4.129,-4.31,alto
2026-02,51,MT,Mato Grosso,Centro-Oeste,20512,4.4,618,3.01,6118,3950330,519.25,15.49,3.353,-3.42,medio
2026-02,52,GO,Goiás,Centro-Oeste,36121,4.4,1205,3.34,11969,7495033,481.93,15.97,3.018,0.05,baixo
2026-02,53,DF,Distrito Federal,Centro-Oeste,18277,5.8,539,2.95,4964,3009996,607.21,16.49,3.682,-6.23,alto
2026-03,11,RO,Rondônia,Norte,13252,5.0,441,3.33,4203,1757338,754.1,23.92,3.153,17.15,alto
2026-03,12,AC,Acre,Norte,5087,4.8,158,3.11,1470,887794,572.99,16.56,3.461,13.57,medio
2026-03,13,AM,Amazonas,Norte,23276,4.4,769,3.3,5509,4360926,533.74,12.63,4.225,14.1,baixo
2026-03,14,RR,Roraima,Norte,3082,8.0,100,3.24,1348,761012,404.99,17.71,2.286,4.09,baixo
2026-03,15,PA,Pará,Norte,50991,4.3,1417,2.78,11571,8756324,582.33,13.21,4.407,11.64,medio
2026-03,16,AP,Amapá,Norte,5420,4.9,161,2.97,1440,809953,669.17,17.78,3.764,16.81,alto
2026-03,17,TO,Tocantins,Norte,9574,5.0,364,3.8,2870,1595994,599.88,17.98,3.336,6.09,medio
2026-03,21,MA,Maranhão,Nordeste,42301,5.1,1412,3.34,13300,7024557,602.19,18.93,3.181,10.9,medio
2026-03,22,PI,Piauí,Nordeste,18124,5.0,704,3.88,6129,3392617,534.22,18.07,2.957,1.17,baixo
2026-03,23,CE,Ceará,Nordeste,52606,5.6,2178,4.14,15938,9302211,565.52,17.13,3.301,13.86,medio
2026-03,24,RN,Rio Grande do Norte,Nordeste,18608,4.7,733,3.94,6284,3463737,537.22,18.14,2.961,12.17,baixo
2026-03,25,PB,Paraíba,Nordeste,22978,5.2,1208,5.26,7566,4182828,549.34,18.09,3.037,18.49,medio
2026-03,26,PE,Pernambuco,Nordeste,58126,5.0,2454,4.22,16021,9583176,606.54,16.72,3.628,13.88,alto
2026-03,27,AL,Alagoas,Nordeste,15220,5.9,724,4.76,5406,3221128,472.51,16.78,2.815,12.01,baixo
2026-03,28,SE,Sergipe,Nordeste,11258,5.8,568,5.05,2756,2307255,487.94,11.94,4.085,5.67,baixo
2026-03,29,BA,Bahia,Nordeste,83861,4.7,3105,3.7,24916,14889472,563.22,16.73,3.366,7.04,medio
2026-03,31,MG,Minas Gerais,Sudeste,139157,4.6,5811,4.18,29389,21460311,648.44,13.69,4.735,8.89,alto
2026-03,32,ES,Espírito Santo,Sudeste,26226,4.7,1031,3.93,5987,4150692,631.85,14.42,4.38,3.98,alto
2026-03,33,RJ,Rio de Janeiro,Sudeste,81028,5.8,4795,5.92,21105,17225410,470.4,12.25,3.839,12.51,baixo
2026-03,35,SP,São Paulo,Sudeste,251044,5.0,11637,4.64,54688,46179008,543.63,11.84,4.59,10.87,baixo
2026-03,41,PR,Paraná,Sul,93379,4.0,3164,3.39,19421,11952456,781.25,16.25,4.808,5.48,alto
2026-03,42,SC,Santa Catarina,Sul,58579,4.1,2071,3.54,11770,8312759,704.69,14.16,4.977,8.89,alto
2026-03,43,RS,Rio Grande do Sul,Sul,73467,5.7,3337,4.54,20252,11233317,654.01,18.03,3.628,8.36,alto
2026-03,50,MS,Mato Grosso do Sul,Centro-Oeste,16986,4.7,693,4.08,4039,2946317,576.52,13.71,4.205,1.77,medio
2026-03,51,MT,Mato Grosso,Centro-Oeste,22955,4.2,688,3.0,6158,3950330,581.09,15.59,3.728,11.91,medio
2026-03,52,GO,Goiás,Centro-Oeste,39076,4.6,1346,3.44,11904,7495033,521.36,15.88,3.283,8.18,baixo
2026-03,53,DF,Distrito Federal,Centro-Oeste,20349,5.8,591,2.9,5014,3009996,676.05,16.66,4.058,11.34,alto
2026-04,11,RO,Rondônia,Norte,12322,4.7,358,2.91,4167,1757338,701.17,23.71,2.957,-7.02,alto
2026-04,12,AC,Acre,Norte,4951,4.7,112,2.26,1422,887794,557.67,16.02,3.482,-2.67,medio
2026-04,13,AM,Amazonas,Norte,23388,4.2,588,2.51,5503,4360926,536.31,12.62,4.25,0.48,medio
2026-04,14,RR,Roraima,Norte,3013,6.0,80,2.66,1348,761012,395.92,17.71,2.235,-2.24,baixo
2026-04,15,PA,Pará,Norte,49732,4.2,1419,2.85,11614,8756324,567.96,13.26,4.282,-2.47,medio
2026-04,16,AP,Amapá,Norte,5563,4.6,117,2.1,1422,809953,686.83,17.56,3.912,2.64,alto
2026-04,17,TO,Tocantins,Norte,9167,5.2,260,2.84,2870,1595994,574.38,17.98,3.194,-4.25,medio
2026-04,21,MA,Maranhão,Nordeste,39802,5.2,1398,3.51,13301,7024557,566.61,18.94,2.992,-5.91,medio
2026-04,22,PI,Piauí,Nordeste,17554,5.2,692,3.94,6152,3392617,517.42,18.13,2.853,-3.15,baixo
2026-04,23,CE,Ceará,Nordeste,49255,5.7,1914,3.89,15969,9302211,529.5,17.17,3.084,-6.37,baixo
2026-04,24,RN,Rio Grande do Norte,Nordeste,18209,4.8,702,3.86,6220,3463737,525.7,17.96,2.927,-2.14,baixo
2026-04,25,PB,Paraíba,Nordeste,21924,5.1,1102,5.03,7543,4182828,524.14,18.03,2.907,-4.59,baixo
2026-04,26,PE,Pernambuco,Nordeste,56845,5.1,2436,4.29,16025,9583176,593.17,16.72,3.547,-2.2,medio
2026-04,27,AL,Alagoas,Nordeste,15481,5.9,877,5.67,5406,3221128,480.61,16.78,2.864,1.71,baixo
2026-04,28,SE,Sergipe,Nordeste,10880,4.8,404,3.71,2760,2307255,471.56,11.96,3.942,-3.36,baixo
2026-04,29,BA,Bahia,Nordeste,81916,4.6,3243,3.96,25005,14889472,550.16,16.79,3.276,-2.32,medio
2026-04,31,MG,Minas Gerais,Sudeste,134164,4.6,5683,4.24,29778,21460311,625.17,13.88,4.505,-3.59,alto
2026-04,32,ES,Espírito Santo,Sudeste,25670,4.6,931,3.63,5971,4150692,618.45,14.39,4.299,-2.12,alto
2026-04,33,RJ,Rio de Janeiro,Sudeste,77640,5.9,4807,6.19,21061,17225410,450.73,12.23,3.686,-4.18,baixo
2026-04,35,SP,São Paulo,Sudeste,246274,5.0,11277,4.58,54722,46179008,533.3,11.85,4.5,-1.9,medio
2026-04,41,PR,Paraná,Sul,84114,4.1,3014,3.58,19319,11952456,703.74,16.16,4.354,-9.92,alto
2026-04,42,SC,Santa Catarina,Sul,58378,4.0,2134,3.66,11778,8312759,702.27,14.17,4.957,-0.34,alto
2026-04,43,RS,Rio Grande do Sul,Sul,74654,5.6,3575,4.79,20100,11233317,664.58,17.89,3.714,1.62,alto
2026-04,50,MS,Mato Grosso do Sul,Centro-Oeste,17492,4.8,709,4.05,4058,2946317,593.69,13.77,4.31,2.98,alto
2026-04,51,MT,Mato Grosso,Centro-Oeste,22749,4.3,675,2.97,6099,3950330,575.88,15.44,3.73,-0.9,medio
2026-04,52,GO,Goiás,Centro-Oeste,38077,4.5,1364,3.58,11622,7495033,508.03,15.51,3.276,-2.56,baixo
2026-04,53,DF,Distrito Federal,Centro-Oeste,19689,5.5,562,2.85,5000,3009996,654.12,16.61,3.938,-3.24,alto
